,SVM,RandomForest,GaussianNB
Accuracy,0.64125,0.7475,0.7050000000000001
